,growth rate,yield coefficient,substrate consumption rate,growth rate std dev,yield coefficient std dev,substrate consumption rate std dev,SPOT growth rate,SPOT growth std
WT-P,0.06548818848698068,0.048868476542785436,1.3520722607432194,0.0013454194885387386,0.00483641370248065,0.12227895946240715,,
PVHG-P,0.08033139167342719,0.040847535534103856,1.96748494522118,0.002671787397479448,0.00175702712202129,0.021784517155022533,,
WT-G,0.26019474164552475,0.07278908209726054,3.582470920816068,0.004748917187790222,0.0041173807383513275,0.14167526717223028,-7.027836552852168e-10,5.568056784788487e-10
